Department Name,Address:,Specification,Brand,Model No,Serial No,Warranty Period,Category
Camp Office Directorate-Hazratganj,"Printing and Stationary Department, IIIrd Floor, 96, Mahatma Gandhi Marg, Opposite Bhavan Gate No 1 Hazratganj, Lucknow, Uttar Pradesh-226002",BPE UPS 650VA,BPE,BPE650,M0071L2507918,3 Years,UPS
Camp Office Directorate-Hazratganj,"Printing and Stationary Department, IIIrd Floor, 96, Mahatma Gandhi Marg, Opposite Bhavan Gate No 1 Hazratganj, Lucknow, Uttar Pradesh-226002",BPE UPS 650VA,BPE,BPE650,M0071L2507765,3 Years,UPS
Camp Office Directorate-Hazratganj,"Printing and Stationary Department, IIIrd Floor, 96, Mahatma Gandhi Marg, Opposite Bhavan Gate No 1 Hazratganj, Lucknow, Uttar Pradesh-226002",BPE UPS 650VA,BPE,BPE650,M0071L2507917,3 Years,UPS
Camp Office Directorate-Hazratganj,"Printing and Stationary Department, IIIrd Floor, 96, Mahatma Gandhi Marg, Opposite Bhavan Gate No 1 Hazratganj, Lucknow, Uttar Pradesh-226002",BPE UPS 650VA,BPE,BPE650,M0071L2507766,3 Years,UPS
Camp Office Directorate-Hazratganj,"Printing and Stationary Department, IIIrd Floor, 96, Mahatma Gandhi Marg, Opposite Bhavan Gate No 1 Hazratganj, Lucknow, Uttar Pradesh-226002",BPE UPS 650VA,BPE,BPE650,M0071L2507887,3 Years,UPS
Camp Office Directorate-Hazratganj,"Printing and Stationary Department, IIIrd Floor, 96, Mahatma Gandhi Marg, Opposite Bhavan Gate No 1 Hazratganj, Lucknow, Uttar Pradesh-226002",BPE UPS 650VA,BPE,BPE650,M0071L2507888,3 Years,UPS
Government Branch Press Hazratganj,"Printing and Stationary Department, IIIrd Floor, 96, Mahatma Gandhi Marg, Opposite Bhavan Gate No 1 Hazratganj, Lucknow, Uttar Pradesh-226002",BPE UPS 650VA,BPE,BPE650,M0071L2507802,3 Years,UPS
Government Branch Press Hazratganj,"Printing and Stationary Department, IIIrd Floor, 96, Mahatma Gandhi Marg, Opposite Bhavan Gate No 1 Hazratganj, Lucknow, Uttar Pradesh-226002",BPE UPS 650VA,BPE,BPE650,M0071L2510317,3 Years,UPS
Government Branch Press Hazratganj,"Printing and Stationary Department, IIIrd Floor, 96, Mahatma Gandhi Marg, Opposite Bhavan Gate No 1 Hazratganj, Lucknow, Uttar Pradesh-226002",BPE UPS 650VA,BPE,BPE650,M0071K2504546,3 Years,UPS
Government Branch Press Hazratganj,"Printing and Stationary Department, IIIrd Floor, 96, Mahatma Gandhi Marg, Opposite Bhavan Gate No 1 Hazratganj, Lucknow, Uttar Pradesh-226002",BPE UPS 650VA,BPE,BPE650,M0071K2500634,3 Years,UPS
Government Branch Press Hazratganj,"Printing and Stationary Department, IIIrd Floor, 96, Mahatma Gandhi Marg, Opposite Bhavan Gate No 1 Hazratganj, Lucknow, Uttar Pradesh-226002",BPE UPS 650VA,BPE,BPE650,M0071L2506548,3 Years,UPS
Government Branch Press Hazratganj,"Printing and Stationary Department, IIIrd Floor, 96, Mahatma Gandhi Marg, Opposite Bhavan Gate No 1 Hazratganj, Lucknow, Uttar Pradesh-226002",BPE UPS 650VA,BPE,BPE650,M0071K2500703,3 Years,UPS
Government Branch Press Hazratganj,"Printing and Stationary Department, IIIrd Floor, 96, Mahatma Gandhi Marg, Opposite Bhavan Gate No 1 Hazratganj, Lucknow, Uttar Pradesh-226002",BPE UPS 650VA,BPE,BPE650,M0071K2504545,3 Years,UPS
Government Branch Press Hazratganj,"Printing and Stationary Department, IIIrd Floor, 96, Mahatma Gandhi Marg, Opposite Bhavan Gate No 1 Hazratganj, Lucknow, Uttar Pradesh-226002",BPE UPS 650VA,BPE,BPE650,M0071K2500633,3 Years,UPS
Government Branch Press Hazratganj,"Printing and Stationary Department, IIIrd Floor, 96, Mahatma Gandhi Marg, Opposite Bhavan Gate No 1 Hazratganj, Lucknow, Uttar Pradesh-226002",BPE UPS 650VA,BPE,BPE650,M0071L2506547,3 Years,UPS
Government Branch Press Hazratganj,"Printing and Stationary Department, IIIrd Floor, 96, Mahatma Gandhi Marg, Opposite Bhavan Gate No 1 Hazratganj, Lucknow, Uttar Pradesh-226002",BPE UPS 650VA,BPE,BPE650,M0071L2510318,3 Years,UPS
Government Press Rampur,"Printing and Stationary Department, Tashka, Near Government Polytechnic, Rampur, Uttar Pradesh-244901",BPE UPS 650VA,BPE,BPE650,M0071L2508761,3 Years,UPS
Government Press Rampur,"Printing and Stationary Department, Tashka, Near Government Polytechnic, Rampur, Uttar Pradesh-244901",BPE UPS 650VA,BPE,BPE650,M0071L2506583,3 Years,UPS
Government Press Rampur,"Printing and Stationary Department, Tashka, Near Government Polytechnic, Rampur, Uttar Pradesh-244901",BPE UPS 650VA,BPE,BPE650,M0071L2509705,3 Years,UPS
Government Press Rampur,"Printing and Stationary Department, Tashka, Near Government Polytechnic, Rampur, Uttar Pradesh-244901",BPE UPS 650VA,BPE,BPE650,M0071L2508475,3 Years,UPS
Government Press Rampur,"Printing and Stationary Department, Tashka, Near Government Polytechnic, Rampur, Uttar Pradesh-244901",BPE UPS 650VA,BPE,BPE650,M0071L2509639,3 Years,UPS
Government Press Rampur,"Printing and Stationary Department, Tashka, Near Government Polytechnic, Rampur, Uttar Pradesh-244901",BPE UPS 650VA,BPE,BPE650,M0071L2505762,3 Years,UPS
Government Press Rampur,"Printing and Stationary Department, Tashka, Near Government Polytechnic, Rampur, Uttar Pradesh-244901",BPE UPS 650VA,BPE,BPE650,M0071L2505594,3 Years,UPS
Government Press Rampur,"Printing and Stationary Department, Tashka, Near Government Polytechnic, Rampur, Uttar Pradesh-244901",BPE UPS 650VA,BPE,BPE650,M0071L2506914,3 Years,UPS
Government Press Rampur,"Printing and Stationary Department, Tashka, Near Government Polytechnic, Rampur, Uttar Pradesh-244901",BPE UPS 650VA,BPE,BPE650,M0071L2509690,3 Years,UPS
Government Press Rampur,"Printing and Stationary Department, Tashka, Near Government Polytechnic, Rampur, Uttar Pradesh-244901",BPE UPS 650VA,BPE,BPE650,M0071L2500694,3 Years,UPS
Government Press Rampur,"Printing and Stationary Department, Tashka, Near Government Polytechnic, Rampur, Uttar Pradesh-244901",BPE UPS 650VA,BPE,BPE650,M0071L2509197,3 Years,UPS
Government Press Rampur,"Printing and Stationary Department, Tashka, Near Government Polytechnic, Rampur, Uttar Pradesh-244901",BPE UPS 650VA,BPE,BPE650,M0071L2506514,3 Years,UPS
Government Press Rampur,"Printing and Stationary Department, Tashka, Near Government Polytechnic, Rampur, Uttar Pradesh-244901",BPE UPS 650VA,BPE,BPE650,M0071L2509706,3 Years,UPS
Government Press Rampur,"Printing and Stationary Department, Tashka, Near Government Polytechnic, Rampur, Uttar Pradesh-244901",BPE UPS 650VA,BPE,BPE650,M0071L2508476,3 Years,UPS
Government Press Rampur,"Printing and Stationary Department, Tashka, Near Government Polytechnic, Rampur, Uttar Pradesh-244901",BPE UPS 650VA,BPE,BPE650,M0071L2509640,3 Years,UPS
Government Press Rampur,"Printing and Stationary Department, Tashka, Near Government Polytechnic, Rampur, Uttar Pradesh-244901",BPE UPS 650VA,BPE,BPE650,M0071L2507282,3 Years,UPS
Government Press Rampur,"Printing and Stationary Department, Tashka, Near Government Polytechnic, Rampur, Uttar Pradesh-244901",BPE UPS 650VA,BPE,BPE650,M0071L2505761,3 Years,UPS
Government Press Rampur,"Printing and Stationary Department, Tashka, Near Government Polytechnic, Rampur, Uttar Pradesh-244901",BPE UPS 650VA,BPE,BPE650,M0071L2505593,3 Years,UPS
Government Press Rampur,"Printing and Stationary Department, Tashka, Near Government Polytechnic, Rampur, Uttar Pradesh-244901",BPE UPS 650VA,BPE,BPE650,M0071L2506913,3 Years,UPS
Government Press Rampur,"Printing and Stationary Department, Tashka, Near Government Polytechnic, Rampur, Uttar Pradesh-244901",BPE UPS 650VA,BPE,BPE650,M0071L2509689,3 Years,UPS
Government Press Rampur,"Printing and Stationary Department, Tashka, Near Government Polytechnic, Rampur, Uttar Pradesh-244901",BPE UPS 650VA,BPE,BPE650,M0071L2500693,3 Years,UPS
Government Press Rampur,"Printing and Stationary Department, Tashka, Near Government Polytechnic, Rampur, Uttar Pradesh-244901",BPE UPS 650VA,BPE,BPE650,M0071L2509198,3 Years,UPS
Government Press Rampur,"Printing and Stationary Department, Tashka, Near Government Polytechnic, Rampur, Uttar Pradesh-244901",BPE UPS 650VA,BPE,BPE650,M0071L2506513,3 Years,UPS
Government Press Rampur,"Printing and Stationary Department, Tashka, Near Government Polytechnic, Rampur, Uttar Pradesh-244901",BPE UPS 650VA,BPE,BPE650,M0071L2506584,3 Years,UPS
Government Press Aishbagh,"Printing and Stationary Department, Mill Road, Aishbagh, Lucknow, Uttar Pradesh Lucknow, Uttar Pradesh-226004",BPE UPS 650VA,BPE,BPE650,M0071L2508693,3 Years,UPS
Government Press Aishbagh,"Printing and Stationary Department, Mill Road, Aishbagh, Lucknow, Uttar Pradesh Lucknow, Uttar Pradesh-226004",BPE UPS 650VA,BPE,BPE650,M0071L2505696,3 Years,UPS
Government Press Aishbagh,"Printing and Stationary Department, Mill Road, Aishbagh, Lucknow, Uttar Pradesh Lucknow, Uttar Pradesh-226004",BPE UPS 650VA,BPE,BPE650,M0071L2509472,3 Years,UPS
Government Press Aishbagh,"Printing and Stationary Department, Mill Road, Aishbagh, Lucknow, Uttar Pradesh Lucknow, Uttar Pradesh-226004",BPE UPS 650VA,BPE,BPE650,M0071L2509625,3 Years,UPS
Government Press Aishbagh,"Printing and Stationary Department, Mill Road, Aishbagh, Lucknow, Uttar Pradesh Lucknow, Uttar Pradesh-226004",BPE UPS 650VA,BPE,BPE650,M0071L2507359,3 Years,UPS
Government Press Aishbagh,"Printing and Stationary Department, Mill Road, Aishbagh, Lucknow, Uttar Pradesh Lucknow, Uttar Pradesh-226004",BPE UPS 650VA,BPE,BPE650,M0071L2505429,3 Years,UPS
Government Press Aishbagh,"Printing and Stationary Department, Mill Road, Aishbagh, Lucknow, Uttar Pradesh Lucknow, Uttar Pradesh-226004",BPE UPS 650VA,BPE,BPE650,M0071L2506260,3 Years,UPS
Government Press Aishbagh,"Printing and Stationary Department, Mill Road, Aishbagh, Lucknow, Uttar Pradesh Lucknow, Uttar Pradesh-226004",BPE UPS 650VA,BPE,BPE650,M0071L2508353,3 Years,UPS
Government Press Aishbagh,"Printing and Stationary Department, Mill Road, Aishbagh, Lucknow, Uttar Pradesh Lucknow, Uttar Pradesh-226004",BPE UPS 650VA,BPE,BPE650,M0071L2506224,3 Years,UPS
Government Press Aishbagh,"Printing and Stationary Department, Mill Road, Aishbagh, Lucknow, Uttar Pradesh Lucknow, Uttar Pradesh-226004",BPE UPS 650VA,BPE,BPE650,M0071L2509380,3 Years,UPS
Government Press Aishbagh,"Printing and Stationary Department, Mill Road, Aishbagh, Lucknow, Uttar Pradesh Lucknow, Uttar Pradesh-226004",BPE UPS 650VA,BPE,BPE650,M0071L2506475,3 Years,UPS
Government Press Aishbagh,"Printing and Stationary Department, Mill Road, Aishbagh, Lucknow, Uttar Pradesh Lucknow, Uttar Pradesh-226004",BPE UPS 650VA,BPE,BPE650,M0071L2509789,3 Years,UPS
Government Press Aishbagh,"Printing and Stationary Department, Mill Road, Aishbagh, Lucknow, Uttar Pradesh Lucknow, Uttar Pradesh-226004",BPE UPS 650VA,BPE,BPE650,M0071L2505734,3 Years,UPS
Government Press Aishbagh,"Printing and Stationary Department, Mill Road, Aishbagh, Lucknow, Uttar Pradesh Lucknow, Uttar Pradesh-226004",BPE UPS 650VA,BPE,BPE650,M0071L2508600,3 Years,UPS
Government Press Aishbagh,"Printing and Stationary Department, Mill Road, Aishbagh, Lucknow, Uttar Pradesh Lucknow, Uttar Pradesh-226004",BPE UPS 650VA,BPE,BPE650,M0071L2506390,3 Years,UPS
Government Press Aishbagh,"Printing and Stationary Department, Mill Road, Aishbagh, Lucknow, Uttar Pradesh Lucknow, Uttar Pradesh-226004",BPE UPS 650VA,BPE,BPE650,M0071L2507019,3 Years,UPS
Government Press Aishbagh,"Printing and Stationary Department, Mill Road, Aishbagh, Lucknow, Uttar Pradesh Lucknow, Uttar Pradesh-226004",BPE UPS 650VA,BPE,BPE650,M0071L2506558,3 Years,UPS
Government Press Aishbagh,"Printing and Stationary Department, Mill Road, Aishbagh, Lucknow, Uttar Pradesh Lucknow, Uttar Pradesh-226004",BPE UPS 650VA,BPE,BPE650,M0071L2506929,3 Years,UPS
Government Press Aishbagh,"Printing and Stationary Department, Mill Road, Aishbagh, Lucknow, Uttar Pradesh Lucknow, Uttar Pradesh-226004",BPE UPS 650VA,BPE,BPE650,M0071L2508755,3 Years,UPS
Government Press Aishbagh,"Printing and Stationary Department, Mill Road, Aishbagh, Lucknow, Uttar Pradesh Lucknow, Uttar Pradesh-226004",BPE UPS 650VA,BPE,BPE650,M0071L2504041,3 Years,UPS
Government Press Aishbagh,"Printing and Stationary Department, Mill Road, Aishbagh, Lucknow, Uttar Pradesh Lucknow, Uttar Pradesh-226004",BPE UPS 650VA,BPE,BPE650,M0071L2509777,3 Years,UPS
Government Press Aishbagh,"Printing and Stationary Department, Mill Road, Aishbagh, Lucknow, Uttar Pradesh Lucknow, Uttar Pradesh-226004",BPE UPS 650VA,BPE,BPE650,M0071L2509133,3 Years,UPS
Government Press Aishbagh,"Printing and Stationary Department, Mill Road, Aishbagh, Lucknow, Uttar Pradesh Lucknow, Uttar Pradesh-226004",BPE UPS 650VA,BPE,BPE650,M0071L2507437,3 Years,UPS
Government Press Aishbagh,"Printing and Stationary Department, Mill Road, Aishbagh, Lucknow, Uttar Pradesh Lucknow, Uttar Pradesh-226004",BPE UPS 650VA,BPE,BPE650,M0071L2509483,3 Years,UPS
Government Press Aishbagh,"Printing and Stationary Department, Mill Road, Aishbagh, Lucknow, Uttar Pradesh Lucknow, Uttar Pradesh-226004",BPE UPS 650VA,BPE,BPE650,M0071L2508251,3 Years,UPS
Government Press Aishbagh,"Printing and Stationary Department, Mill Road, Aishbagh, Lucknow, Uttar Pradesh Lucknow, Uttar Pradesh-226004",BPE UPS 650VA,BPE,BPE650,M0071L2509790,3 Years,UPS
Government Press Aishbagh,"Printing and Stationary Department, Mill Road, Aishbagh, Lucknow, Uttar Pradesh Lucknow, Uttar Pradesh-226004",BPE UPS 650VA,BPE,BPE650,M0071L2509658,3 Years,UPS
Government Press Aishbagh,"Printing and Stationary Department, Mill Road, Aishbagh, Lucknow, Uttar Pradesh Lucknow, Uttar Pradesh-226004",BPE UPS 650VA,BPE,BPE650,M0071L2500680,3 Years,UPS
Government Press Aishbagh,"Printing and Stationary Department, Mill Road, Aishbagh, Lucknow, Uttar Pradesh Lucknow, Uttar Pradesh-226004",BPE UPS 650VA,BPE,BPE650,M0071L2509163,3 Years,UPS
Government Press Aishbagh,"Printing and Stationary Department, Mill Road, Aishbagh, Lucknow, Uttar Pradesh Lucknow, Uttar Pradesh-226004",BPE UPS 650VA,BPE,BPE650,M0071L2509471,3 Years,UPS
Government Press Aishbagh,"Printing and Stationary Department, Mill Road, Aishbagh, Lucknow, Uttar Pradesh Lucknow, Uttar Pradesh-226004",BPE UPS 650VA,BPE,BPE650,M0071L2509657,3 Years,UPS
Government Press Aishbagh,"Printing and Stationary Department, Mill Road, Aishbagh, Lucknow, Uttar Pradesh Lucknow, Uttar Pradesh-226004",BPE UPS 650VA,BPE,BPE650,M0071L2509626,3 Years,UPS
Government Press Aishbagh,"Printing and Stationary Department, Mill Road, Aishbagh, Lucknow, Uttar Pradesh Lucknow, Uttar Pradesh-226004",BPE UPS 650VA,BPE,BPE650,M0071L2507360,3 Years,UPS
Government Press Aishbagh,"Printing and Stationary Department, Mill Road, Aishbagh, Lucknow, Uttar Pradesh Lucknow, Uttar Pradesh-226004",BPE UPS 650VA,BPE,BPE650,M0071L2505430,3 Years,UPS
Government Press Aishbagh,"Printing and Stationary Department, Mill Road, Aishbagh, Lucknow, Uttar Pradesh Lucknow, Uttar Pradesh-226004",BPE UPS 650VA,BPE,BPE650,M0071L2506259,3 Years,UPS
Government Press Aishbagh,"Printing and Stationary Department, Mill Road, Aishbagh, Lucknow, Uttar Pradesh Lucknow, Uttar Pradesh-226004",BPE UPS 650VA,BPE,BPE650,M0071L2508354,3 Years,UPS
Government Press Aishbagh,"Printing and Stationary Department, Mill Road, Aishbagh, Lucknow, Uttar Pradesh Lucknow, Uttar Pradesh-226004",BPE UPS 650VA,BPE,BPE650,M0071L2509379,3 Years,UPS
Government Press Aishbagh,"Printing and Stationary Department, Mill Road, Aishbagh, Lucknow, Uttar Pradesh Lucknow, Uttar Pradesh-226004",BPE UPS 650VA,BPE,BPE650,M0071L2500679,3 Years,UPS
Government Press Aishbagh,"Printing and Stationary Department, Mill Road, Aishbagh, Lucknow, Uttar Pradesh Lucknow, Uttar Pradesh-226004",BPE UPS 650VA,BPE,BPE650,M0071L2506476,3 Years,UPS
Government Press Aishbagh,"Printing and Stationary Department, Mill Road, Aishbagh, Lucknow, Uttar Pradesh Lucknow, Uttar Pradesh-226004",BPE UPS 650VA,BPE,BPE650,M0071L2505733,3 Years,UPS
Government Press Aishbagh,"Printing and Stationary Department, Mill Road, Aishbagh, Lucknow, Uttar Pradesh Lucknow, Uttar Pradesh-226004",BPE UPS 650VA,BPE,BPE650,M0071L2508599,3 Years,UPS
Government Press Aishbagh,"Printing and Stationary Department, Mill Road, Aishbagh, Lucknow, Uttar Pradesh Lucknow, Uttar Pradesh-226004",BPE UPS 650VA,BPE,BPE650,M0071L2506389,3 Years,UPS
Government Press Aishbagh,"Printing and Stationary Department, Mill Road, Aishbagh, Lucknow, Uttar Pradesh Lucknow, Uttar Pradesh-226004",BPE UPS 650VA,BPE,BPE650,M0071L2506252,3 Years,UPS
Government Press Aishbagh,"Printing and Stationary Department, Mill Road, Aishbagh, Lucknow, Uttar Pradesh Lucknow, Uttar Pradesh-226004",BPE UPS 650VA,BPE,BPE650,M0071L2507020,3 Years,UPS
Government Press Aishbagh,"Printing and Stationary Department, Mill Road, Aishbagh, Lucknow, Uttar Pradesh Lucknow, Uttar Pradesh-226004",BPE UPS 650VA,BPE,BPE650,M0071L2506557,3 Years,UPS
Government Press Aishbagh,"Printing and Stationary Department, Mill Road, Aishbagh, Lucknow, Uttar Pradesh Lucknow, Uttar Pradesh-226004",BPE UPS 650VA,BPE,BPE650,M0071L2506930,3 Years,UPS
Government Press Aishbagh,"Printing and Stationary Department, Mill Road, Aishbagh, Lucknow, Uttar Pradesh Lucknow, Uttar Pradesh-226004",BPE UPS 650VA,BPE,BPE650,M0071L2504042,3 Years,UPS
Government Press Aishbagh,"Printing and Stationary Department, Mill Road, Aishbagh, Lucknow, Uttar Pradesh Lucknow, Uttar Pradesh-226004",BPE UPS 650VA,BPE,BPE650,M0071L2509778,3 Years,UPS
Government Press Aishbagh,"Printing and Stationary Department, Mill Road, Aishbagh, Lucknow, Uttar Pradesh Lucknow, Uttar Pradesh-226004",BPE UPS 650VA,BPE,BPE650,M0071L2509134,3 Years,UPS
Government Press Aishbagh,"Printing and Stationary Department, Mill Road, Aishbagh, Lucknow, Uttar Pradesh Lucknow, Uttar Pradesh-226004",BPE UPS 650VA,BPE,BPE650,M0071L2507438,3 Years,UPS
Government Press Aishbagh,"Printing and Stationary Department, Mill Road, Aishbagh, Lucknow, Uttar Pradesh Lucknow, Uttar Pradesh-226004",BPE UPS 650VA,BPE,BPE650,M0071L2509484,3 Years,UPS
Government Press Aishbagh,"Printing and Stationary Department, Mill Road, Aishbagh, Lucknow, Uttar Pradesh Lucknow, Uttar Pradesh-226004",BPE UPS 650VA,BPE,BPE650,M0071L2506251,3 Years,UPS
Government Press Aishbagh,"Printing and Stationary Department, Mill Road, Aishbagh, Lucknow, Uttar Pradesh Lucknow, Uttar Pradesh-226004",BPE UPS 650VA,BPE,BPE650,M0071L2508252,3 Years,UPS
Government Press Aishbagh,"Printing and Stationary Department, Mill Road, Aishbagh, Lucknow, Uttar Pradesh Lucknow, Uttar Pradesh-226004",BPE UPS 650VA,BPE,BPE650,M0071L2500223,3 Years,UPS
Government Press Aishbagh,"Printing and Stationary Department, Mill Road, Aishbagh, Lucknow, Uttar Pradesh Lucknow, Uttar Pradesh-226004",BPE UPS 650VA,BPE,BPE650,M0071L2508756,3 Years,UPS
Government Press Aishbagh,"Printing and Stationary Department, Mill Road, Aishbagh, Lucknow, Uttar Pradesh Lucknow, Uttar Pradesh-226004",BPE UPS 650VA,BPE,BPE650,M0071L2509164,3 Years,UPS
Government Press Aishbagh,"Printing and Stationary Department, Mill Road, Aishbagh, Lucknow, Uttar Pradesh Lucknow, Uttar Pradesh-226004",BPE UPS 650VA,BPE,BPE650,M0071L2505695,3 Years,UPS
Directorate of Printing and Stationary ,"Directorate of Printing and Stationary, 14/12, Sarojini Naidu Marg, Civil Lines, Prayagraj, Uttar Pradesh - 211001",BPE UPS 650VA,BPE,BPE650,M0071L2509760,3 Years,UPS
Directorate of Printing and Stationary ,"Directorate of Printing and Stationary, 14/12, Sarojini Naidu Marg, Civil Lines, Prayagraj, Uttar Pradesh - 211001",BPE UPS 650VA,BPE,BPE650,M0071L2506552,3 Years,UPS
Directorate of Printing and Stationary ,"Directorate of Printing and Stationary, 14/12, Sarojini Naidu Marg, Civil Lines, Prayagraj, Uttar Pradesh - 211001",BPE UPS 650VA,BPE,BPE650,M0071L2508516,3 Years,UPS
Directorate of Printing and Stationary ,"Directorate of Printing and Stationary, 14/12, Sarojini Naidu Marg, Civil Lines, Prayagraj, Uttar Pradesh - 211001",BPE UPS 650VA,BPE,BPE650,M0071L2506234,3 Years,UPS
Directorate of Printing and Stationary ,"Directorate of Printing and Stationary, 14/12, Sarojini Naidu Marg, Civil Lines, Prayagraj, Uttar Pradesh - 211001",BPE UPS 650VA,BPE,BPE650,M0071L2500704,3 Years,UPS
Directorate of Printing and Stationary ,"Directorate of Printing and Stationary, 14/12, Sarojini Naidu Marg, Civil Lines, Prayagraj, Uttar Pradesh - 211001",BPE UPS 650VA,BPE,BPE650,M0071L2508244,3 Years,UPS
Directorate of Printing and Stationary ,"Directorate of Printing and Stationary, 14/12, Sarojini Naidu Marg, Civil Lines, Prayagraj, Uttar Pradesh - 211001",BPE UPS 650VA,BPE,BPE650,M0071L2509560,3 Years,UPS
Directorate of Printing and Stationary ,"Directorate of Printing and Stationary, 14/12, Sarojini Naidu Marg, Civil Lines, Prayagraj, Uttar Pradesh - 211001",BPE UPS 650VA,BPE,BPE650,M0071L2504066,3 Years,UPS
Directorate of Printing and Stationary ,"Directorate of Printing and Stationary, 14/12, Sarojini Naidu Marg, Civil Lines, Prayagraj, Uttar Pradesh - 211001",BPE UPS 650VA,BPE,BPE650,M0071L2506804,3 Years,UPS
Directorate of Printing and Stationary ,"Directorate of Printing and Stationary, 14/12, Sarojini Naidu Marg, Civil Lines, Prayagraj, Uttar Pradesh - 211001",BPE UPS 650VA,BPE,BPE650,M0071L2509704,3 Years,UPS
Directorate of Printing and Stationary ,"Directorate of Printing and Stationary, 14/12, Sarojini Naidu Marg, Civil Lines, Prayagraj, Uttar Pradesh - 211001",BPE UPS 650VA,BPE,BPE650,M0071L2505631,3 Years,UPS
Directorate of Printing and Stationary ,"Directorate of Printing and Stationary, 14/12, Sarojini Naidu Marg, Civil Lines, Prayagraj, Uttar Pradesh - 211001",BPE UPS 650VA,BPE,BPE650,M0071L2505731,3 Years,UPS
Directorate of Printing and Stationary ,"Directorate of Printing and Stationary, 14/12, Sarojini Naidu Marg, Civil Lines, Prayagraj, Uttar Pradesh - 211001",BPE UPS 650VA,BPE,BPE650,M0071L2505533,3 Years,UPS
Directorate of Printing and Stationary ,"Directorate of Printing and Stationary, 14/12, Sarojini Naidu Marg, Civil Lines, Prayagraj, Uttar Pradesh - 211001",BPE UPS 650VA,BPE,BPE650,M0071L2506597,3 Years,UPS
Directorate of Printing and Stationary ,"Directorate of Printing and Stationary, 14/12, Sarojini Naidu Marg, Civil Lines, Prayagraj, Uttar Pradesh - 211001",BPE UPS 650VA,BPE,BPE650,M0071L2507333,3 Years,UPS
Directorate of Printing and Stationary ,"Directorate of Printing and Stationary, 14/12, Sarojini Naidu Marg, Civil Lines, Prayagraj, Uttar Pradesh - 211001",BPE UPS 650VA,BPE,BPE650,M0071L2506121,3 Years,UPS
Directorate of Printing and Stationary ,"Directorate of Printing and Stationary, 14/12, Sarojini Naidu Marg, Civil Lines, Prayagraj, Uttar Pradesh - 211001",BPE UPS 650VA,BPE,BPE650,M0071L2509253,3 Years,UPS
Directorate of Printing and Stationary ,"Directorate of Printing and Stationary, 14/12, Sarojini Naidu Marg, Civil Lines, Prayagraj, Uttar Pradesh - 211001",BPE UPS 650VA,BPE,BPE650,M0071L2508049,3 Years,UPS
Directorate of Printing and Stationary ,"Directorate of Printing and Stationary, 14/12, Sarojini Naidu Marg, Civil Lines, Prayagraj, Uttar Pradesh - 211001",BPE UPS 650VA,BPE,BPE650,M0071L2505371,3 Years,UPS
Directorate of Printing and Stationary ,"Directorate of Printing and Stationary, 14/12, Sarojini Naidu Marg, Civil Lines, Prayagraj, Uttar Pradesh - 211001",BPE UPS 650VA,BPE,BPE650,M0071L2504435,3 Years,UPS
Directorate of Printing and Stationary ,"Directorate of Printing and Stationary, 14/12, Sarojini Naidu Marg, Civil Lines, Prayagraj, Uttar Pradesh - 211001",BPE UPS 650VA,BPE,BPE650,M0071L2508463,3 Years,UPS
Directorate of Printing and Stationary ,"Directorate of Printing and Stationary, 14/12, Sarojini Naidu Marg, Civil Lines, Prayagraj, Uttar Pradesh - 211001",BPE UPS 650VA,BPE,BPE650,M0071L2507315,3 Years,UPS
Directorate of Printing and Stationary ,"Directorate of Printing and Stationary, 14/12, Sarojini Naidu Marg, Civil Lines, Prayagraj, Uttar Pradesh - 211001",BPE UPS 650VA,BPE,BPE650,M0071L2506791,3 Years,UPS
Directorate of Printing and Stationary ,"Directorate of Printing and Stationary, 14/12, Sarojini Naidu Marg, Civil Lines, Prayagraj, Uttar Pradesh - 211001",BPE UPS 650VA,BPE,BPE650,M0071L2509145,3 Years,UPS
Directorate of Printing and Stationary ,"Directorate of Printing and Stationary, 14/12, Sarojini Naidu Marg, Civil Lines, Prayagraj, Uttar Pradesh - 211001",BPE UPS 650VA,BPE,BPE650,M0071L2506387,3 Years,UPS
Directorate of Printing and Stationary ,"Directorate of Printing and Stationary, 14/12, Sarojini Naidu Marg, Civil Lines, Prayagraj, Uttar Pradesh - 211001",BPE UPS 650VA,BPE,BPE650,M0071L2505627,3 Years,UPS
Directorate of Printing and Stationary ,"Directorate of Printing and Stationary, 14/12, Sarojini Naidu Marg, Civil Lines, Prayagraj, Uttar Pradesh - 211001",BPE UPS 650VA,BPE,BPE650,M0071L2508127,3 Years,UPS
Directorate of Printing and Stationary ,"Directorate of Printing and Stationary, 14/12, Sarojini Naidu Marg, Civil Lines, Prayagraj, Uttar Pradesh - 211001",BPE UPS 650VA,BPE,BPE650,M0071L2508817,3 Years,UPS
Directorate of Printing and Stationary ,"Directorate of Printing and Stationary, 14/12, Sarojini Naidu Marg, Civil Lines, Prayagraj, Uttar Pradesh - 211001",BPE UPS 650VA,BPE,BPE650,M0071L2509707,3 Years,UPS
Directorate of Printing and Stationary ,"Directorate of Printing and Stationary, 14/12, Sarojini Naidu Marg, Civil Lines, Prayagraj, Uttar Pradesh - 211001",BPE UPS 650VA,BPE,BPE650,M0071L2506421,3 Years,UPS
Directorate of Printing and Stationary ,"Directorate of Printing and Stationary, 14/12, Sarojini Naidu Marg, Civil Lines, Prayagraj, Uttar Pradesh - 211001",BPE UPS 650VA,BPE,BPE650,M0071L2509563,3 Years,UPS
Directorate of Printing and Stationary ,"Directorate of Printing and Stationary, 14/12, Sarojini Naidu Marg, Civil Lines, Prayagraj, Uttar Pradesh - 211001",BPE UPS 650VA,BPE,BPE650,M0071L2504351,3 Years,UPS
Directorate of Printing and Stationary ,"Directorate of Printing and Stationary, 14/12, Sarojini Naidu Marg, Civil Lines, Prayagraj, Uttar Pradesh - 211001",BPE UPS 650VA,BPE,BPE650,M0071L2506879,3 Years,UPS
Directorate of Printing and Stationary ,"Directorate of Printing and Stationary, 14/12, Sarojini Naidu Marg, Civil Lines, Prayagraj, Uttar Pradesh - 211001",BPE UPS 650VA,BPE,BPE650,M0071L2506519,3 Years,UPS
Directorate of Printing and Stationary ,"Directorate of Printing and Stationary, 14/12, Sarojini Naidu Marg, Civil Lines, Prayagraj, Uttar Pradesh - 211001",BPE UPS 650VA,BPE,BPE650,M0071L2508445,3 Years,UPS
Directorate of Printing and Stationary ,"Directorate of Printing and Stationary, 14/12, Sarojini Naidu Marg, Civil Lines, Prayagraj, Uttar Pradesh - 211001",BPE UPS 650VA,BPE,BPE650,M0071L2509095,3 Years,UPS
Directorate of Printing and Stationary ,"Directorate of Printing and Stationary, 14/12, Sarojini Naidu Marg, Civil Lines, Prayagraj, Uttar Pradesh - 211001",BPE UPS 650VA,BPE,BPE650,M0071L2505623,3 Years,UPS
Directorate of Printing and Stationary ,"Directorate of Printing and Stationary, 14/12, Sarojini Naidu Marg, Civil Lines, Prayagraj, Uttar Pradesh - 211001",BPE UPS 650VA,BPE,BPE650,M0071L2509115,3 Years,UPS
Directorate of Printing and Stationary ,"Directorate of Printing and Stationary, 14/12, Sarojini Naidu Marg, Civil Lines, Prayagraj, Uttar Pradesh - 211001",BPE UPS 650VA,BPE,BPE650,M0071L2509759,3 Years,UPS
Directorate of Printing and Stationary ,"Directorate of Printing and Stationary, 14/12, Sarojini Naidu Marg, Civil Lines, Prayagraj, Uttar Pradesh - 211001",BPE UPS 650VA,BPE,BPE650,M0071L2506551,3 Years,UPS
Directorate of Printing and Stationary ,"Directorate of Printing and Stationary, 14/12, Sarojini Naidu Marg, Civil Lines, Prayagraj, Uttar Pradesh - 211001",BPE UPS 650VA,BPE,BPE650,M0071L2508515,3 Years,UPS
Directorate of Printing and Stationary ,"Directorate of Printing and Stationary, 14/12, Sarojini Naidu Marg, Civil Lines, Prayagraj, Uttar Pradesh - 211001",BPE UPS 650VA,BPE,BPE650,M0071L2506233,3 Years,UPS
Directorate of Printing and Stationary ,"Directorate of Printing and Stationary, 14/12, Sarojini Naidu Marg, Civil Lines, Prayagraj, Uttar Pradesh - 211001",BPE UPS 650VA,BPE,BPE650,M0071L2500703,3 Years,UPS
Directorate of Printing and Stationary ,"Directorate of Printing and Stationary, 14/12, Sarojini Naidu Marg, Civil Lines, Prayagraj, Uttar Pradesh - 211001",BPE UPS 650VA,BPE,BPE650,M0071L2508243,3 Years,UPS
Directorate of Printing and Stationary ,"Directorate of Printing and Stationary, 14/12, Sarojini Naidu Marg, Civil Lines, Prayagraj, Uttar Pradesh - 211001",BPE UPS 650VA,BPE,BPE650,M0071L2509559,3 Years,UPS
Directorate of Printing and Stationary ,"Directorate of Printing and Stationary, 14/12, Sarojini Naidu Marg, Civil Lines, Prayagraj, Uttar Pradesh - 211001",BPE UPS 650VA,BPE,BPE650,M0071L2504065,3 Years,UPS
Directorate of Printing and Stationary ,"Directorate of Printing and Stationary, 14/12, Sarojini Naidu Marg, Civil Lines, Prayagraj, Uttar Pradesh - 211001",BPE UPS 650VA,BPE,BPE650,M0071L2506803,3 Years,UPS
Directorate of Printing and Stationary ,"Directorate of Printing and Stationary, 14/12, Sarojini Naidu Marg, Civil Lines, Prayagraj, Uttar Pradesh - 211001",BPE UPS 650VA,BPE,BPE650,M0071L2509703,3 Years,UPS
Directorate of Printing and Stationary ,"Directorate of Printing and Stationary, 14/12, Sarojini Naidu Marg, Civil Lines, Prayagraj, Uttar Pradesh - 211001",BPE UPS 650VA,BPE,BPE650,M0071L2505632,3 Years,UPS
Directorate of Printing and Stationary ,"Directorate of Printing and Stationary, 14/12, Sarojini Naidu Marg, Civil Lines, Prayagraj, Uttar Pradesh - 211001",BPE UPS 650VA,BPE,BPE650,M0071L2505732,3 Years,UPS
Directorate of Printing and Stationary ,"Directorate of Printing and Stationary, 14/12, Sarojini Naidu Marg, Civil Lines, Prayagraj, Uttar Pradesh - 211001",BPE UPS 650VA,BPE,BPE650,M0071L2505534,3 Years,UPS
Directorate of Printing and Stationary ,"Directorate of Printing and Stationary, 14/12, Sarojini Naidu Marg, Civil Lines, Prayagraj, Uttar Pradesh - 211001",BPE UPS 650VA,BPE,BPE650,M0071L2506598,3 Years,UPS
Directorate of Printing and Stationary ,"Directorate of Printing and Stationary, 14/12, Sarojini Naidu Marg, Civil Lines, Prayagraj, Uttar Pradesh - 211001",BPE UPS 650VA,BPE,BPE650,M0071L2507334,3 Years,UPS
Directorate of Printing and Stationary ,"Directorate of Printing and Stationary, 14/12, Sarojini Naidu Marg, Civil Lines, Prayagraj, Uttar Pradesh - 211001",BPE UPS 650VA,BPE,BPE650,M0071L2506122,3 Years,UPS
Directorate of Printing and Stationary ,"Directorate of Printing and Stationary, 14/12, Sarojini Naidu Marg, Civil Lines, Prayagraj, Uttar Pradesh - 211001",BPE UPS 650VA,BPE,BPE650,M0071L2509254,3 Years,UPS
Directorate of Printing and Stationary ,"Directorate of Printing and Stationary, 14/12, Sarojini Naidu Marg, Civil Lines, Prayagraj, Uttar Pradesh - 211001",BPE UPS 650VA,BPE,BPE650,M0071L2508050,3 Years,UPS
Directorate of Printing and Stationary ,"Directorate of Printing and Stationary, 14/12, Sarojini Naidu Marg, Civil Lines, Prayagraj, Uttar Pradesh - 211001",BPE UPS 650VA,BPE,BPE650,M0071L2505372,3 Years,UPS
Directorate of Printing and Stationary ,"Directorate of Printing and Stationary, 14/12, Sarojini Naidu Marg, Civil Lines, Prayagraj, Uttar Pradesh - 211001",BPE UPS 650VA,BPE,BPE650,M0071L2504436,3 Years,UPS
Directorate of Printing and Stationary ,"Directorate of Printing and Stationary, 14/12, Sarojini Naidu Marg, Civil Lines, Prayagraj, Uttar Pradesh - 211001",BPE UPS 650VA,BPE,BPE650,M0071L2508464,3 Years,UPS
Directorate of Printing and Stationary ,"Directorate of Printing and Stationary, 14/12, Sarojini Naidu Marg, Civil Lines, Prayagraj, Uttar Pradesh - 211001",BPE UPS 650VA,BPE,BPE650,M0071L2507316,3 Years,UPS
Directorate of Printing and Stationary ,"Directorate of Printing and Stationary, 14/12, Sarojini Naidu Marg, Civil Lines, Prayagraj, Uttar Pradesh - 211001",BPE UPS 650VA,BPE,BPE650,M0071L2506792,3 Years,UPS
Directorate of Printing and Stationary ,"Directorate of Printing and Stationary, 14/12, Sarojini Naidu Marg, Civil Lines, Prayagraj, Uttar Pradesh - 211001",BPE UPS 650VA,BPE,BPE650,M0071L2509146,3 Years,UPS
Directorate of Printing and Stationary ,"Directorate of Printing and Stationary, 14/12, Sarojini Naidu Marg, Civil Lines, Prayagraj, Uttar Pradesh - 211001",BPE UPS 650VA,BPE,BPE650,M0071L2506388,3 Years,UPS
Directorate of Printing and Stationary ,"Directorate of Printing and Stationary, 14/12, Sarojini Naidu Marg, Civil Lines, Prayagraj, Uttar Pradesh - 211001",BPE UPS 650VA,BPE,BPE650,M0071L2505628,3 Years,UPS
Directorate of Printing and Stationary ,"Directorate of Printing and Stationary, 14/12, Sarojini Naidu Marg, Civil Lines, Prayagraj, Uttar Pradesh - 211001",BPE UPS 650VA,BPE,BPE650,M0071L2508128,3 Years,UPS
Directorate of Printing and Stationary ,"Directorate of Printing and Stationary, 14/12, Sarojini Naidu Marg, Civil Lines, Prayagraj, Uttar Pradesh - 211001",BPE UPS 650VA,BPE,BPE650,M0071L2508818,3 Years,UPS
Directorate of Printing and Stationary ,"Directorate of Printing and Stationary, 14/12, Sarojini Naidu Marg, Civil Lines, Prayagraj, Uttar Pradesh - 211001",BPE UPS 650VA,BPE,BPE650,M0071L2509708,3 Years,UPS
Directorate of Printing and Stationary ,"Directorate of Printing and Stationary, 14/12, Sarojini Naidu Marg, Civil Lines, Prayagraj, Uttar Pradesh - 211001",BPE UPS 650VA,BPE,BPE650,M0071L2506422,3 Years,UPS
Directorate of Printing and Stationary ,"Directorate of Printing and Stationary, 14/12, Sarojini Naidu Marg, Civil Lines, Prayagraj, Uttar Pradesh - 211001",BPE UPS 650VA,BPE,BPE650,M0071L2509564,3 Years,UPS
Directorate of Printing and Stationary ,"Directorate of Printing and Stationary, 14/12, Sarojini Naidu Marg, Civil Lines, Prayagraj, Uttar Pradesh - 211001",BPE UPS 650VA,BPE,BPE650,M0071L2504352,3 Years,UPS
Directorate of Printing and Stationary ,"Directorate of Printing and Stationary, 14/12, Sarojini Naidu Marg, Civil Lines, Prayagraj, Uttar Pradesh - 211001",BPE UPS 650VA,BPE,BPE650,M0071L2506880,3 Years,UPS
Directorate of Printing and Stationary ,"Directorate of Printing and Stationary, 14/12, Sarojini Naidu Marg, Civil Lines, Prayagraj, Uttar Pradesh - 211001",BPE UPS 650VA,BPE,BPE650,M0071L2506520,3 Years,UPS
Directorate of Printing and Stationary ,"Directorate of Printing and Stationary, 14/12, Sarojini Naidu Marg, Civil Lines, Prayagraj, Uttar Pradesh - 211001",BPE UPS 650VA,BPE,BPE650,M0071L2508446,3 Years,UPS
Directorate of Printing and Stationary ,"Directorate of Printing and Stationary, 14/12, Sarojini Naidu Marg, Civil Lines, Prayagraj, Uttar Pradesh - 211001",BPE UPS 650VA,BPE,BPE650,M0071L2509096,3 Years,UPS
Directorate of Printing and Stationary ,"Directorate of Printing and Stationary, 14/12, Sarojini Naidu Marg, Civil Lines, Prayagraj, Uttar Pradesh - 211001",BPE UPS 650VA,BPE,BPE650,M0071L2505624,3 Years,UPS
Directorate of Printing and Stationary ,"Directorate of Printing and Stationary, 14/12, Sarojini Naidu Marg, Civil Lines, Prayagraj, Uttar Pradesh - 211001",BPE UPS 650VA,BPE,BPE650,M0071L2509116,3 Years,UPS
Directorate of Printing and Stationary ,"Directorate of Printing and Stationary, 14/12, Sarojini Naidu Marg, Civil Lines, Prayagraj, Uttar Pradesh - 211001",BPE UPS 650VA,BPE,BPE650,M0071L2505718,3 Years,UPS
Directorate of Printing and Stationary ,"Directorate of Printing and Stationary, 14/12, Sarojini Naidu Marg, Civil Lines, Prayagraj, Uttar Pradesh - 211001",BPE UPS 650VA,BPE,BPE650,M0071L2509742,3 Years,UPS
Directorate of Printing and Stationary ,"Directorate of Printing and Stationary, 14/12, Sarojini Naidu Marg, Civil Lines, Prayagraj, Uttar Pradesh - 211001",BPE UPS 650VA,BPE,BPE650,M0071L2509741,3 Years,UPS
Government Press Varanasi,"Printing and Stationary Department, Ramnagar Varanasi 221001",BPE UPS 650VA,BPE,BPE650,M0071L2508268,3 Years,UPS
Government Press Varanasi,"Printing and Stationary Department, Ramnagar Varanasi 221001",BPE UPS 650VA,BPE,BPE650,M0071L2507426,3 Years,UPS
Government Press Varanasi,"Printing and Stationary Department, Ramnagar Varanasi 221001",BPE UPS 650VA,BPE,BPE650,M0071L2506590,3 Years,UPS
Government Press Varanasi,"Printing and Stationary Department, Ramnagar Varanasi 221001",BPE UPS 650VA,BPE,BPE650,M0071L2509054,3 Years,UPS
Government Press Varanasi,"Printing and Stationary Department, Ramnagar Varanasi 221001",BPE UPS 650VA,BPE,BPE650,M0071L2506543,3 Years,UPS
Government Press Varanasi,"Printing and Stationary Department, Ramnagar Varanasi 221001",BPE UPS 650VA,BPE,BPE650,M0071L2508222,3 Years,UPS
Government Press Varanasi,"Printing and Stationary Department, Ramnagar Varanasi 221001",BPE UPS 650VA,BPE,BPE650,M0071L2506542,3 Years,UPS
Government Press Varanasi,"Printing and Stationary Department, Ramnagar Varanasi 221001",BPE UPS 650VA,BPE,BPE650,M0071L2506988,3 Years,UPS
Government Press Varanasi,"Printing and Stationary Department, Ramnagar Varanasi 221001",BPE UPS 650VA,BPE,BPE650,M0071L2506596,3 Years,UPS
Government Press Varanasi,"Printing and Stationary Department, Ramnagar Varanasi 221001",BPE UPS 650VA,BPE,BPE650,M0071L2508762,3 Years,UPS
Government Press Varanasi,"Printing and Stationary Department, Ramnagar Varanasi 221001",BPE UPS 650VA,BPE,BPE650,M0071L2509541,3 Years,UPS
Government Press Varanasi,"Printing and Stationary Department, Ramnagar Varanasi 221001",BPE UPS 650VA,BPE,BPE650,M0071L2508267,3 Years,UPS
Government Press Varanasi,"Printing and Stationary Department, Ramnagar Varanasi 221001",BPE UPS 650VA,BPE,BPE650,M0071L2507425,3 Years,UPS
Government Press Varanasi,"Printing and Stationary Department, Ramnagar Varanasi 221001",BPE UPS 650VA,BPE,BPE650,M0071L2506589,3 Years,UPS
Government Press Varanasi,"Printing and Stationary Department, Ramnagar Varanasi 221001",BPE UPS 650VA,BPE,BPE650,M0071L2509053,3 Years,UPS
Government Press Varanasi,"Printing and Stationary Department, Ramnagar Varanasi 221001",BPE UPS 650VA,BPE,BPE650,M0071L2506544,3 Years,UPS
Government Press Varanasi,"Printing and Stationary Department, Ramnagar Varanasi 221001",BPE UPS 650VA,BPE,BPE650,M0071L2508221,3 Years,UPS
Government Press Varanasi,"Printing and Stationary Department, Ramnagar Varanasi 221001",BPE UPS 650VA,BPE,BPE650,M0071L2506541,3 Years,UPS
Government Press Varanasi,"Printing and Stationary Department, Ramnagar Varanasi 221001",BPE UPS 650VA,BPE,BPE650,M0071L2506987,3 Years,UPS
Government Press Varanasi,"Printing and Stationary Department, Ramnagar Varanasi 221001",BPE UPS 650VA,BPE,BPE650,M0071L2506595,3 Years,UPS
Government Press Varanasi,"Printing and Stationary Department, Ramnagar Varanasi 221001",BPE UPS 650VA,BPE,BPE650,M0071L2509542,3 Years,UPS
Government Press Varanasi,"Printing and Stationary Department, Ramnagar Varanasi 221001",BPE UPS 650VA,BPE,BPE650,M0071L2508761,3 Years,UPS
Government Press Varanasi,"Printing and Stationary Department, Ramnagar Varanasi 221001",BPE UPS 650VA,BPE,BPE650,M0071L2509782,3 Years,UPS
Government Press Prayagraj,"14/12, Sarojini Naidu Marg, Civil Lines, Prayagraj, Uttar Pradesh - 211001",BPE UPS 650VA,BPE,BPE650,M0071L2506366,3 Years,UPS
Government Press Prayagraj,"14/12, Sarojini Naidu Marg, Civil Lines, Prayagraj, Uttar Pradesh - 211001",BPE UPS 650VA,BPE,BPE650,M0071L2504114,3 Years,UPS
Government Press Prayagraj,"14/12, Sarojini Naidu Marg, Civil Lines, Prayagraj, Uttar Pradesh - 211001",BPE UPS 650VA,BPE,BPE650,M0071L2505602,3 Years,UPS
Government Press Prayagraj,"14/12, Sarojini Naidu Marg, Civil Lines, Prayagraj, Uttar Pradesh - 211001",BPE UPS 650VA,BPE,BPE650,M0071L2506482,3 Years,UPS
Government Press Prayagraj,"14/12, Sarojini Naidu Marg, Civil Lines, Prayagraj, Uttar Pradesh - 211001",BPE UPS 650VA,BPE,BPE650,M0071L2508164,3 Years,UPS
Government Press Prayagraj,"14/12, Sarojini Naidu Marg, Civil Lines, Prayagraj, Uttar Pradesh - 211001",BPE UPS 650VA,BPE,BPE650,M0071L2506780,3 Years,UPS
Government Press Prayagraj,"14/12, Sarojini Naidu Marg, Civil Lines, Prayagraj, Uttar Pradesh - 211001",BPE UPS 650VA,BPE,BPE650,M0071L2506328,3 Years,UPS
Government Press Prayagraj,"14/12, Sarojini Naidu Marg, Civil Lines, Prayagraj, Uttar Pradesh - 211001",BPE UPS 650VA,BPE,BPE650,M0071L2509174,3 Years,UPS
Government Press Prayagraj,"14/12, Sarojini Naidu Marg, Civil Lines, Prayagraj, Uttar Pradesh - 211001",BPE UPS 650VA,BPE,BPE650,M0071L2508994,3 Years,UPS
Government Press Prayagraj,"14/12, Sarojini Naidu Marg, Civil Lines, Prayagraj, Uttar Pradesh - 211001",BPE UPS 650VA,BPE,BPE650,M0071L2505754,3 Years,UPS
Government Press Prayagraj,"14/12, Sarojini Naidu Marg, Civil Lines, Prayagraj, Uttar Pradesh - 211001",BPE UPS 650VA,BPE,BPE650,M0071L2508538,3 Years,UPS
Government Press Prayagraj,"14/12, Sarojini Naidu Marg, Civil Lines, Prayagraj, Uttar Pradesh - 211001",BPE UPS 650VA,BPE,BPE650,M0071L2508484,3 Years,UPS
Government Press Prayagraj,"14/12, Sarojini Naidu Marg, Civil Lines, Prayagraj, Uttar Pradesh - 211001",BPE UPS 650VA,BPE,BPE650,M0071L2508386,3 Years,UPS
Government Press Prayagraj,"14/12, Sarojini Naidu Marg, Civil Lines, Prayagraj, Uttar Pradesh - 211001",BPE UPS 650VA,BPE,BPE650,M0071L2507424,3 Years,UPS
Government Press Prayagraj,"14/12, Sarojini Naidu Marg, Civil Lines, Prayagraj, Uttar Pradesh - 211001",BPE UPS 650VA,BPE,BPE650,M0071L2506440,3 Years,UPS
Government Press Prayagraj,"14/12, Sarojini Naidu Marg, Civil Lines, Prayagraj, Uttar Pradesh - 211001",BPE UPS 650VA,BPE,BPE650,M0071L2504444,3 Years,UPS
Government Press Prayagraj,"14/12, Sarojini Naidu Marg, Civil Lines, Prayagraj, Uttar Pradesh - 211001",BPE UPS 650VA,BPE,BPE650,M0071L2505268,3 Years,UPS
Government Press Prayagraj,"14/12, Sarojini Naidu Marg, Civil Lines, Prayagraj, Uttar Pradesh - 211001",BPE UPS 650VA,BPE,BPE650,M0071L2506582,3 Years,UPS
Government Press Prayagraj,"14/12, Sarojini Naidu Marg, Civil Lines, Prayagraj, Uttar Pradesh - 211001",BPE UPS 650VA,BPE,BPE650,M0071L2507406,3 Years,UPS
Government Press Prayagraj,"14/12, Sarojini Naidu Marg, Civil Lines, Prayagraj, Uttar Pradesh - 211001",BPE UPS 650VA,BPE,BPE650,M0071L2508724,3 Years,UPS
Government Press Prayagraj,"14/12, Sarojini Naidu Marg, Civil Lines, Prayagraj, Uttar Pradesh - 211001",BPE UPS 650VA,BPE,BPE650,M0071L2509726,3 Years,UPS
Government Press Prayagraj,"14/12, Sarojini Naidu Marg, Civil Lines, Prayagraj, Uttar Pradesh - 211001",BPE UPS 650VA,BPE,BPE650,M0071L2507616,3 Years,UPS
Government Press Prayagraj,"14/12, Sarojini Naidu Marg, Civil Lines, Prayagraj, Uttar Pradesh - 211001",BPE UPS 650VA,BPE,BPE650,M0071L2507044,3 Years,UPS
Government Press Prayagraj,"14/12, Sarojini Naidu Marg, Civil Lines, Prayagraj, Uttar Pradesh - 211001",BPE UPS 650VA,BPE,BPE650,M0071L2509344,3 Years,UPS
Government Press Prayagraj,"14/12, Sarojini Naidu Marg, Civil Lines, Prayagraj, Uttar Pradesh - 211001",BPE UPS 650VA,BPE,BPE650,M0071L2506874,3 Years,UPS
Government Press Prayagraj,"14/12, Sarojini Naidu Marg, Civil Lines, Prayagraj, Uttar Pradesh - 211001",BPE UPS 650VA,BPE,BPE650,M0071L2506892,3 Years,UPS
Government Press Prayagraj,"14/12, Sarojini Naidu Marg, Civil Lines, Prayagraj, Uttar Pradesh - 211001",BPE UPS 650VA,BPE,BPE650,M0071L2505736,3 Years,UPS
Government Press Prayagraj,"14/12, Sarojini Naidu Marg, Civil Lines, Prayagraj, Uttar Pradesh - 211001",BPE UPS 650VA,BPE,BPE650,M0071L2506326,3 Years,UPS
Government Press Prayagraj,"14/12, Sarojini Naidu Marg, Civil Lines, Prayagraj, Uttar Pradesh - 211001",BPE UPS 650VA,BPE,BPE650,M0071L2501922,3 Years,UPS
Government Press Prayagraj,"14/12, Sarojini Naidu Marg, Civil Lines, Prayagraj, Uttar Pradesh - 211001",BPE UPS 650VA,BPE,BPE650,M0071L250878,3 Years,UPS
Government Press Prayagraj,"14/12, Sarojini Naidu Marg, Civil Lines, Prayagraj, Uttar Pradesh - 211001",BPE UPS 650VA,BPE,BPE650,M0071L2508430,3 Years,UPS
Government Press Prayagraj,"14/12, Sarojini Naidu Marg, Civil Lines, Prayagraj, Uttar Pradesh - 211001",BPE UPS 650VA,BPE,BPE650,M0071L2509646,3 Years,UPS
Government Press Prayagraj,"14/12, Sarojini Naidu Marg, Civil Lines, Prayagraj, Uttar Pradesh - 211001",BPE UPS 650VA,BPE,BPE650,M0071L2508512,3 Years,UPS
Government Press Prayagraj,"14/12, Sarojini Naidu Marg, Civil Lines, Prayagraj, Uttar Pradesh - 211001",BPE UPS 650VA,BPE,BPE650,M0071L2508182,3 Years,UPS
Government Press Prayagraj,"14/12, Sarojini Naidu Marg, Civil Lines, Prayagraj, Uttar Pradesh - 211001",BPE UPS 650VA,BPE,BPE650,M0071L2508576,3 Years,UPS
Government Press Prayagraj,"14/12, Sarojini Naidu Marg, Civil Lines, Prayagraj, Uttar Pradesh - 211001",BPE UPS 650VA,BPE,BPE650,M0071L2507418,3 Years,UPS
Government Press Prayagraj,"14/12, Sarojini Naidu Marg, Civil Lines, Prayagraj, Uttar Pradesh - 211001",BPE UPS 650VA,BPE,BPE650,M0071L2508468,3 Years,UPS
Government Press Prayagraj,"14/12, Sarojini Naidu Marg, Civil Lines, Prayagraj, Uttar Pradesh - 211001",BPE UPS 650VA,BPE,BPE650,M0071L2506568,3 Years,UPS
Government Press Prayagraj,"14/12, Sarojini Naidu Marg, Civil Lines, Prayagraj, Uttar Pradesh - 211001",BPE UPS 650VA,BPE,BPE650,M0071L2505900,3 Years,UPS
Government Press Prayagraj,"14/12, Sarojini Naidu Marg, Civil Lines, Prayagraj, Uttar Pradesh - 211001",BPE UPS 650VA,BPE,BPE650,M0071L2509638,3 Years,UPS
Government Press Prayagraj,"14/12, Sarojini Naidu Marg, Civil Lines, Prayagraj, Uttar Pradesh - 211001",BPE UPS 650VA,BPE,BPE650,M0071L2506936,3 Years,UPS
Government Press Prayagraj,"14/12, Sarojini Naidu Marg, Civil Lines, Prayagraj, Uttar Pradesh - 211001",BPE UPS 650VA,BPE,BPE650,M0071L2506365,3 Years,UPS
Government Press Prayagraj,"14/12, Sarojini Naidu Marg, Civil Lines, Prayagraj, Uttar Pradesh - 211001",BPE UPS 650VA,BPE,BPE650,M0071L2504113,3 Years,UPS
Government Press Prayagraj,"14/12, Sarojini Naidu Marg, Civil Lines, Prayagraj, Uttar Pradesh - 211001",BPE UPS 650VA,BPE,BPE650,M0071L2505601,3 Years,UPS
Government Press Prayagraj,"14/12, Sarojini Naidu Marg, Civil Lines, Prayagraj, Uttar Pradesh - 211001",BPE UPS 650VA,BPE,BPE650,M0071L2506481,3 Years,UPS
Government Press Prayagraj,"14/12, Sarojini Naidu Marg, Civil Lines, Prayagraj, Uttar Pradesh - 211001",BPE UPS 650VA,BPE,BPE650,M0071L2508163,3 Years,UPS
Government Press Prayagraj,"14/12, Sarojini Naidu Marg, Civil Lines, Prayagraj, Uttar Pradesh - 211001",BPE UPS 650VA,BPE,BPE650,M0071L2506779,3 Years,UPS
Government Press Prayagraj,"14/12, Sarojini Naidu Marg, Civil Lines, Prayagraj, Uttar Pradesh - 211001",BPE UPS 650VA,BPE,BPE650,M0071L2506327,3 Years,UPS
Government Press Prayagraj,"14/12, Sarojini Naidu Marg, Civil Lines, Prayagraj, Uttar Pradesh - 211001",BPE UPS 650VA,BPE,BPE650,M0071L2509173,3 Years,UPS
Government Press Prayagraj,"14/12, Sarojini Naidu Marg, Civil Lines, Prayagraj, Uttar Pradesh - 211001",BPE UPS 650VA,BPE,BPE650,M0071L2508993,3 Years,UPS
Government Press Prayagraj,"14/12, Sarojini Naidu Marg, Civil Lines, Prayagraj, Uttar Pradesh - 211001",BPE UPS 650VA,BPE,BPE650,M0071L2505753,3 Years,UPS
Government Press Prayagraj,"14/12, Sarojini Naidu Marg, Civil Lines, Prayagraj, Uttar Pradesh - 211001",BPE UPS 650VA,BPE,BPE650,M0071L2508537,3 Years,UPS
Government Press Prayagraj,"14/12, Sarojini Naidu Marg, Civil Lines, Prayagraj, Uttar Pradesh - 211001",BPE UPS 650VA,BPE,BPE650,M0071L2508483,3 Years,UPS
Government Press Prayagraj,"14/12, Sarojini Naidu Marg, Civil Lines, Prayagraj, Uttar Pradesh - 211001",BPE UPS 650VA,BPE,BPE650,M0071L2508385,3 Years,UPS
Government Press Prayagraj,"14/12, Sarojini Naidu Marg, Civil Lines, Prayagraj, Uttar Pradesh - 211001",BPE UPS 650VA,BPE,BPE650,M0071L2507423,3 Years,UPS
Government Press Prayagraj,"14/12, Sarojini Naidu Marg, Civil Lines, Prayagraj, Uttar Pradesh - 211001",BPE UPS 650VA,BPE,BPE650,M0071L2506439,3 Years,UPS
Government Press Prayagraj,"14/12, Sarojini Naidu Marg, Civil Lines, Prayagraj, Uttar Pradesh - 211001",BPE UPS 650VA,BPE,BPE650,M0071L2504443,3 Years,UPS
Government Press Prayagraj,"14/12, Sarojini Naidu Marg, Civil Lines, Prayagraj, Uttar Pradesh - 211001",BPE UPS 650VA,BPE,BPE650,M0071L2505267,3 Years,UPS
Government Press Prayagraj,"14/12, Sarojini Naidu Marg, Civil Lines, Prayagraj, Uttar Pradesh - 211001",BPE UPS 650VA,BPE,BPE650,M0071L2506581,3 Years,UPS
Government Press Prayagraj,"14/12, Sarojini Naidu Marg, Civil Lines, Prayagraj, Uttar Pradesh - 211001",BPE UPS 650VA,BPE,BPE650,M0071L2507405,3 Years,UPS
Government Press Prayagraj,"14/12, Sarojini Naidu Marg, Civil Lines, Prayagraj, Uttar Pradesh - 211001",BPE UPS 650VA,BPE,BPE650,M0071L2508723,3 Years,UPS
Government Press Prayagraj,"14/12, Sarojini Naidu Marg, Civil Lines, Prayagraj, Uttar Pradesh - 211001",BPE UPS 650VA,BPE,BPE650,M0071L2509725,3 Years,UPS
Government Press Prayagraj,"14/12, Sarojini Naidu Marg, Civil Lines, Prayagraj, Uttar Pradesh - 211001",BPE UPS 650VA,BPE,BPE650,M0071L2507615,3 Years,UPS
Government Press Prayagraj,"14/12, Sarojini Naidu Marg, Civil Lines, Prayagraj, Uttar Pradesh - 211001",BPE UPS 650VA,BPE,BPE650,M0071L2507043,3 Years,UPS
Government Press Prayagraj,"14/12, Sarojini Naidu Marg, Civil Lines, Prayagraj, Uttar Pradesh - 211001",BPE UPS 650VA,BPE,BPE650,M0071L2509343,3 Years,UPS
Government Press Prayagraj,"14/12, Sarojini Naidu Marg, Civil Lines, Prayagraj, Uttar Pradesh - 211001",BPE UPS 650VA,BPE,BPE650,M0071L2506873,3 Years,UPS
Government Press Prayagraj,"14/12, Sarojini Naidu Marg, Civil Lines, Prayagraj, Uttar Pradesh - 211001",BPE UPS 650VA,BPE,BPE650,M0071L2506891,3 Years,UPS
Government Press Prayagraj,"14/12, Sarojini Naidu Marg, Civil Lines, Prayagraj, Uttar Pradesh - 211001",BPE UPS 650VA,BPE,BPE650,M0071L2505735,3 Years,UPS
Government Press Prayagraj,"14/12, Sarojini Naidu Marg, Civil Lines, Prayagraj, Uttar Pradesh - 211001",BPE UPS 650VA,BPE,BPE650,M0071L2506325,3 Years,UPS
Government Press Prayagraj,"14/12, Sarojini Naidu Marg, Civil Lines, Prayagraj, Uttar Pradesh - 211001",BPE UPS 650VA,BPE,BPE650,M0071L2501921,3 Years,UPS
Government Press Prayagraj,"14/12, Sarojini Naidu Marg, Civil Lines, Prayagraj, Uttar Pradesh - 211001",BPE UPS 650VA,BPE,BPE650,M0071L250877,3 Years,UPS
Government Press Prayagraj,"14/12, Sarojini Naidu Marg, Civil Lines, Prayagraj, Uttar Pradesh - 211001",BPE UPS 650VA,BPE,BPE650,M0071L2508429,3 Years,UPS
Government Press Prayagraj,"14/12, Sarojini Naidu Marg, Civil Lines, Prayagraj, Uttar Pradesh - 211001",BPE UPS 650VA,BPE,BPE650,M0071L2509645,3 Years,UPS
Government Press Prayagraj,"14/12, Sarojini Naidu Marg, Civil Lines, Prayagraj, Uttar Pradesh - 211001",BPE UPS 650VA,BPE,BPE650,M0071L2508511,3 Years,UPS
Government Press Prayagraj,"14/12, Sarojini Naidu Marg, Civil Lines, Prayagraj, Uttar Pradesh - 211001",BPE UPS 650VA,BPE,BPE650,M0071L2508181,3 Years,UPS
Government Press Prayagraj,"14/12, Sarojini Naidu Marg, Civil Lines, Prayagraj, Uttar Pradesh - 211001",BPE UPS 650VA,BPE,BPE650,M0071L2508575,3 Years,UPS
Government Press Prayagraj,"14/12, Sarojini Naidu Marg, Civil Lines, Prayagraj, Uttar Pradesh - 211001",BPE UPS 650VA,BPE,BPE650,M0071L2507417,3 Years,UPS
Government Press Prayagraj,"14/12, Sarojini Naidu Marg, Civil Lines, Prayagraj, Uttar Pradesh - 211001",BPE UPS 650VA,BPE,BPE650,M0071L2508467,3 Years,UPS
Government Press Prayagraj,"14/12, Sarojini Naidu Marg, Civil Lines, Prayagraj, Uttar Pradesh - 211001",BPE UPS 650VA,BPE,BPE650,M0071L2506567,3 Years,UPS
Government Press Prayagraj,"14/12, Sarojini Naidu Marg, Civil Lines, Prayagraj, Uttar Pradesh - 211001",BPE UPS 650VA,BPE,BPE650,M0071L2505899,3 Years,UPS
Government Press Prayagraj,"14/12, Sarojini Naidu Marg, Civil Lines, Prayagraj, Uttar Pradesh - 211001",BPE UPS 650VA,BPE,BPE650,M0071L2509637,3 Years,UPS
Government Press Prayagraj,"14/12, Sarojini Naidu Marg, Civil Lines, Prayagraj, Uttar Pradesh - 211001",BPE UPS 650VA,BPE,BPE650,M0071L2506935,3 Years,UPS
Government Press Prayagraj,"14/12, Sarojini Naidu Marg, Civil Lines, Prayagraj, Uttar Pradesh - 211001",BPE UPS 650VA,BPE,BPE650,M0071L2509554,3 Years,UPS
Government Press Prayagraj,"14/12, Sarojini Naidu Marg, Civil Lines, Prayagraj, Uttar Pradesh - 211001",BPE UPS 650VA,BPE,BPE650,M0071L2509553,3 Years,UPS
